,fii
0,FIVN11
1,BZLI11
2,XTED11
3,ALMI11
4,PABY11
5,ORPD11
6,FISC11
7,ATSA11
8,CXTL11
9,HTMX11
10,GSFI11
11,NEWU11
12,PRSV11
13,FAMB11B
14,FMOF11
15,HGRS11
16,KNRE11
17,RBDS11
18,WTSP11B
19,OULG11
20,VXXV11
21,BICE11
22,HRDF11
23,CJCT11
24,LFTT11
25,HCRI11
26,DRIT11B
27,CTXT11
28,GESE11B
29,SRVD11
30,RBIR11
31,CARE11
32,VJFD11
33,RBGS11
34,BPML11
35,TORD11
36,CXCI11
37,MGFF11
38,JRDM11
39,MAXR11
40,BRCR11
41,NCHB11
42,XPIN11
43,VSLH11
44,HCTR11
45,SEQR11
46,DEVA11
47,BLMG11
48,BCFF11
49,BTCR11
50,CEOC11
51,FEXC11
52,FAED11
53,RBRR11
54,MGLG11
55,GCRA11
56,DVFF11
57,BMLC11
58,GTLG11
59,RBRL11
60,RBRP11
61,FLCR11
62,RECT11
63,RECR11
64,RELG11
65,ERPA11
66,BLCA11
67,CPFF11
68,RVBI11
69,CVBI11
70,IBFF11
71,IBCR11
72,RBRY11
73,RBRF11
74,IRIM11
75,IRDM11
76,OUJP11
77,YUFI11B
78,KNRI11
79,GAME11
80,MGHT11
81,VGIA11
82,VGIP11
83,VGIR11
84,MCHF11
85,MCCI11
86,CPTS11
87,GCRI11
88,GCFF11
89,MORE11
90,MGCR11
91,NAVT11
92,BLCP11
93,AFHI11
94,OUFF11
95,OURE11
96,CORM11
97,TRNT11
98,BRLA11
99,ARCT11
100,RZAK11
101,AFOF11
102,BLMC11
103,RECX11
104,SNFF11
105,SNCI11
106,MATV11
107,BTLG11
108,MCHY11
109,BTAL11
110,MORC11
111,CCRF11
112,EQIR11
113,ERCR11
114,XPML11
115,FCFL11
116,ALZR11
117,FLRP11
118,CNES11
119,BTRA11
120,EDGA11
121,LASC11
122,EVBI11
123,VVPR11
124,KNHY11
125,BARI11
126,KNCR11
127,KNSC11
128,KNCA11
129,HUSI11
130,JSRE11
131,XPCA11
132,XPCI11
133,LUGG11
134,LGCP11
135,HGRE11
136,RNGO11
137,FVPQ11
138,RBRS11
139,HOSI11
140,RBED11
141,HREC11
142,PQAG11
143,ITIP11
144,HFOF11
145,FIGS11
146,WPLZ11
147,HABT11
148,ARRI11
149,CACR11
150,SHPH11
151,JGPX11
152,SPVJ11
153,MXRF11
154,XPLG11
155,URPR11
156,PLOG11
157,PORD11
158,NVHO11
159,NEWL11
160,IDFI11
161,HSAF11
162,SARE11
163,NSLU11
164,PVBI11
165,LVBI11
166,PQDP11
167,FIIB11
168,ABCP11
169,RBCO11
170,JPPA11
171,VRTA11
172,KNIP11
173,RBHY11
174,RBHG11
175,RMAI11
176,XPHT11
177,PLCR11
178,KFOF11
179,KINP11
180,APTO11
181,MALL11
182,BRCO11
183,VCJR11
184,QAMI11
185,JSAF11
186,XPSF11
187,BTWR11
188,VOTS11
189,VTLT11
190,VGHF11
191,RNDP11
192,RBRD11
193,VIUR11
194,VILG11
195,VCRR11
196,BCIA11
197,BBGO11
198,BNFS11
199,FIIP11B
200,EDFO11B
201,CXCE11B
202,MFAI11
203,HBRH11
204,QIRI11
205,BLMO11
206,STRX11
207,HGRU11
208,HGCR11
209,BICR11
210,BBFI11B
211,HGPO11
212,ITIT11
213,HGLG11
214,HAAA11
215,RBVA11
216,HGFF11
217,HCHG11
218,HPDP11
219,HLOG11
220,HGBS11
221,CYCR11
222,HUSC11
223,CBOP11
224,TEPP11
225,BTSG11
226,RZAG11
227,RZTR11
228,TGAR11
229,KISU11
230,BPFF11
231,XPPR11
232,SPTW11
233,PATL11
234,XPCM11
235,RBFF11
236,JFLL11
237,HSLG11
238,SDIL11
239,CXCO11
240,HSRE11
241,PLRI11
242,HSML11
243,BCRI11
244,SADI11
245,VSHO11
246,RDPD11
247,RBVO11
248,GTWR11
249,BBPO11
250,BBRC11
251,VCRI11
252,VIFI11
253,VINO11
254,VISC11
255,PATC11
256,TRXF11
257,BBFO11
258,FPAB11
259,EURO11
260,BBIM11
261,VLOL11
262,NVIF11B
263,AIEC11
264,MFII11
265,GALG11
266,RFOF11
267,RRCI11
268,RBLG11
269,QAGR11
270,HGIC11
271,GGRC11
272,CRFF11
273,CXRI11
274,CXAG11
275,SCPF11
276,FLMA11
277,BREV11
278,FATN11
279,BIME11
280,BLMR11
281,MBRF11
282,ONEF11
283,RCRB11
284,CXAG11
285,ABCB4
286,AESB3
287,AGRO3
288,ALUP11
289,B3SA3
290,BBAS3
291,BBSE3
292,BRAP4
293,VBBR3
294,CAML3
295,CCRO3
296,CGAS5
297,CMIG4
298,COCE5
299,CPFE3
300,CPLE6
301,CSAN3
302,CSMG3
303,EGIE3
304,ELET6
305,ENAT3
306,ENBR3
307,ENGI11
308,EQTL3
309,FESA4
310,ITSA4
311,ITUB4
312,NEOE3
313,PETR4
314,PSSA3
315,QUAL3
316,RADL3
317,ROMI3
318,SANB11
319,SAPR11
320,SBSP3
321,SLCE3
322,SULA11
323,TAEE11
324,TRPL4
325,UGPA3
326,UNIP5
327,VALE3
328,VIVT3
329,WEGE3
330,WHRL4
331,WIZS3
